Date,resid
2017-11-10,-6.926550241237726
2017-11-11,4.970025787257961
2017-11-12,-2.337822922479503
2017-11-13,2.6751180777058416
2017-11-14,6.418229418151046
2017-11-15,-1.4513653733838712
2017-11-16,-0.915324474884925
2017-11-17,0.25872984668014065
2017-11-18,4.392816327294892
2017-11-19,1.7632393875509205
2017-11-20,3.297733405844695
2017-11-21,-1.911276757829859
2017-11-22,5.433539501966058
2017-11-23,7.5680512097458426
2017-11-24,15.59959794585184
2017-11-25,-2.003718694381783
2017-11-26,0.8984230313725765
2017-11-27,1.729318277388782
2017-11-28,-1.7370426616825514
2017-11-29,-9.78133770409869
2017-11-30,4.396962944771523
2017-12-01,4.159270697673369
2017-12-02,-0.8480189572691905
2017-12-03,0.33323636830777814
2017-12-04,0.7485071873792231
2017-12-05,-1.6578217791336598
2017-12-06,-7.674023362241353
2017-12-07,1.172460778436825
2017-12-08,4.792101305071885
2017-12-09,3.6456197101264034
2017-12-10,-6.897386367183154
2017-12-11,16.434733001233393
2017-12-12,26.272589531003998
2017-12-13,7.695015083192704
2017-12-14,-1.1745785763284096
2017-12-15,-1.8192438232617942
2017-12-16,1.5328357406834152
2017-12-17,3.2281476541880196
2017-12-18,10.185718637165998
2017-12-19,3.863871306891499
2017-12-20,-1.1212316624861536
2017-12-21,0.05588408252408403
2017-12-22,-17.99203264967459
2017-12-23,6.412485655227697
2017-12-24,-3.6938867288463726
2017-12-25,10.141707328754347
2017-12-26,0.8593945622495285
2017-12-27,-1.6061981295366163
2017-12-28,-3.5700576759441702
2017-12-29,2.0626126906504685
2017-12-30,-5.007050746048934
2017-12-31,5.318257439337383
2018-01-01,1.9167160284117706
2018-01-02,14.28475521054764
2018-01-03,8.664825105816611
2018-01-04,1.7052062605045897
2018-01-05,1.5269865670888298
2018-01-06,4.220572971055716
2018-01-07,10.517420251030686
2018-01-08,-0.5878516390421902
2018-01-09,12.980039627755804
2018-01-10,-3.5646220348704225
2018-01-11,-8.219267704240416
2018-01-12,10.054956855926724
2018-01-13,9.492503146823353
2018-01-14,-2.3087696342248596
2018-01-15,-5.661894595818738
2018-01-16,-18.625484856766594
2018-01-17,-3.9285122867127584
2018-01-18,1.9865699376246952
2018-01-19,0.08664077109490506
2018-01-20,10.982842436389985
2018-01-21,-9.324559834781596
2018-01-22,-4.598670178833096
2018-01-23,-1.8830477650229367
2018-01-24,7.1709263369159855
2018-01-25,-0.4452141554050033
2018-01-26,-0.26691695346510014
2018-01-27,4.733147980432275
2018-01-28,12.364770322119359
2018-01-29,-5.2937888936366395
2018-01-30,-9.592936001017957
2018-01-31,4.219217839968971
2018-02-01,-7.475053497353189
2018-02-02,-11.856606693738446
2018-02-03,5.081476615591531
2018-02-04,-13.601915743682778
2018-02-05,-16.566691944685108
2018-02-06,13.45029288775439
2018-02-07,-4.731316038391207
2018-02-08,7.83744590132256
2018-02-09,7.891972567875861
2018-02-10,-2.8386027760553088
2018-02-11,-5.503264663642502
2018-02-12,6.448820022980841
2018-02-13,-2.884777505425505
2018-02-14,9.078314989419557
2018-02-15,1.2670529435518734
2018-02-16,0.5865778604270859
2018-02-17,2.981713277503252
2018-02-18,-5.338257908931796
2018-02-19,1.9731415293005055
2018-02-20,-5.323294303142932
2018-02-21,-5.256001171515299
2018-02-22,-4.553399372030607
2018-02-23,6.131105174847342
2018-02-24,-2.924929522220675
2018-02-25,0.32551292982572355
2018-02-26,2.7151715415569835
2018-02-27,0.8440663907936645
2018-02-28,-2.8118001587341
2018-03-01,1.802481551154013
2018-03-02,-1.9450529946892543
2018-03-03,-0.1420726229028875
2018-03-04,0.9172634310450583
2018-03-05,-1.6847644843320893
2018-03-06,-4.488365154290994
2018-03-07,-8.03417671648916
2018-03-08,-6.592627854228681
2018-03-09,3.266143077969953
2018-03-10,-5.951029017716734
2018-03-11,5.120895862270715
2018-03-12,-3.435409159973278
2018-03-13,-1.4720729348545831
2018-03-14,-11.26437768964149
2018-03-15,-0.6717328005342511
2018-03-16,-1.7621109318624801
2018-03-17,-8.310757189006688
2018-03-18,-2.7425628407926603
2018-03-19,3.1714728401518246
2018-03-20,-0.10483573867734311
2018-03-21,0.6323958741249596
2018-03-22,-4.107274657240932
2018-03-23,-0.20086156648948375
2018-03-24,-2.6279438559933075
2018-03-25,-0.594272873346789
2018-03-26,-6.734565898659504
2018-03-27,-8.315884582009968
2018-03-28,-1.0379294398485823
2018-03-29,-13.699674348055012
2018-03-30,2.06263315220976
2018-03-31,0.2736685479233685
2018-04-01,-4.435628459354722
2018-04-02,1.6105850009452876
2018-04-03,7.699106572331484
2018-04-04,-8.904746310134657
2018-04-05,0.521139373446468
2018-04-06,-3.56385027868472
2018-04-07,3.8732820011279325
2018-04-08,3.7577962792463073
2018-04-09,-0.680351439999481
2018-04-10,3.7583042018577664
2018-04-11,3.7486821679120443
2018-04-12,14.308177802454725
2018-04-13,-0.2272761559564225
2018-04-14,1.5889028861231462
2018-04-15,5.841508901075378
2018-04-16,-4.051372715574895
2018-04-17,-1.800083455453337
2018-04-18,4.1683166495383634
2018-04-19,8.02733864527896
2018-04-20,8.23677070230351
2018-04-21,-1.8620601105972396
2018-04-22,2.5342249275663877
2018-04-23,3.141310743548288
2018-04-24,10.025436689045632
2018-04-25,-13.28171145017779
2018-04-26,7.515489165316882
2018-04-27,-2.5658107502088177
2018-04-28,5.478225801381244
2018-04-29,0.575549967618995
2018-04-30,-2.9373311066931516
2018-05-01,0.3651729583020973
2018-05-02,1.8239828100796955
2018-05-03,13.260517311561795
2018-05-04,0.5945903205041085
2018-05-05,3.6962701567799363
2018-05-06,-3.102824439756856
2018-05-07,-5.055538575243277
2018-05-08,-0.300640104896986
2018-05-09,-0.26278282424498767
2018-05-10,-3.5084743253338533
2018-05-11,-6.742952552874424
2018-05-12,0.765388106769828
2018-05-13,6.7306528667050465
2018-05-14,-0.5872504013527331
2018-05-15,-3.1528440564059332
2018-05-16,-0.4423663599573786
2018-05-17,-5.049777417596278
2018-05-18,3.0420213934225795
2018-05-19,0.12602906113592535
2018-05-20,2.5192103467185603
2018-05-21,-2.4426427095744705
2018-05-22,-7.548086864932166
2018-05-23,-10.090057798875083
2018-05-24,2.928029575897041
2018-05-25,-2.681679212103104
2018-05-26,-0.09242026725195654
2018-05-27,-2.6735616981632835
2018-05-28,-10.074634506133139
2018-05-29,9.378190403613297
2018-05-30,-1.210967057668631
2018-05-31,3.0409866532084897
2018-06-01,0.2296543611177941
2018-06-02,1.8428085383207742
2018-06-03,4.295870263324543
2018-06-04,-4.284269283271989
2018-06-05,2.5663579184896936
2018-06-06,-0.5430956439690144
2018-06-07,-0.504528383638368
2018-06-08,-0.8646077592266084
2018-06-09,-0.7702673205283268
2018-06-10,-12.080984393265702
2018-06-11,1.1070665172772347
2018-06-12,-7.018802673763101
2018-06-13,-4.079870340570789
2018-06-14,8.662382253285664
2018-06-15,-5.714764319980657
2018-06-16,1.5737713153049409
2018-06-17,-0.024165808873564815
2018-06-18,3.4998153589737915
2018-06-19,3.488889525786633
2018-06-20,-0.4994403590554015
2018-06-21,-1.8452858540860746
2018-06-22,-11.85667377121785
2018-06-23,1.682849689325218
2018-06-24,-3.7360149245691185
2018-06-25,0.39091417033041576
2018-06-26,-6.16797013535648
2018-06-27,2.0311563643244948
2018-06-28,-4.706634708488931
2018-06-29,3.0449030654631017
2018-06-30,4.21144400104281
2018-07-01,-0.4627327736241178
2018-07-02,4.535412297670429
2018-07-03,-2.5315522157190227
2018-07-04,0.48729328068693056
2018-07-05,1.332541635093422
2018-07-06,-0.26979487746041486
2018-07-07,3.5376334475724316
2018-07-08,-0.7023050036797691
2018-07-09,-2.7282124802952876
2018-07-10,-9.050509729964228
2018-07-11,2.5984334908619746
2018-07-12,-3.8681995507138787
2018-07-13,0.733663555072918
2018-07-14,0.2889109850934284
2018-07-15,2.970778652920615
2018-07-16,6.663020011393741
2018-07-17,4.047055198501683
2018-07-18,-4.275088308497375
2018-07-19,-2.452644157139093
2018-07-20,-4.2144899848983375
2018-07-21,2.4189249347401423
2018-07-22,-0.7864274844994064
2018-07-23,-2.100825935869387
2018-07-24,6.140303242563651
2018-07-25,-1.6206840311743227
2018-07-26,-1.9751424774563582
2018-07-27,1.0275681186728407
2018-07-28,-0.7748309154671158
2018-07-29,-0.2353854607805446
2018-07-30,-2.2392060365691178
2018-07-31,-5.2642287011418025
2018-08-01,-3.20944828099453
2018-08-02,-2.1168098045313153
2018-08-03,1.1816307315712942
2018-08-04,-2.8177977104209537
2018-08-05,0.6159824350261427
2018-08-06,-1.125274544960529
2018-08-07,-6.687995376704867
2018-08-08,-6.393019095903339
2018-08-09,2.331254228846237
2018-08-10,-8.777671578188638
2018-08-11,-3.7955536633565754
2018-08-12,-0.97464533935203
2018-08-13,-10.535329949442739
2018-08-14,-2.8253138634312545
2018-08-15,1.0449285692635273
2018-08-16,1.8268064382516618
2018-08-17,9.425141651245418
2018-08-18,-6.49373674139566
2018-08-19,1.51221963367474
2018-08-20,-9.000645485377433
2018-08-21,2.595627220427145
2018-08-22,-3.9461560124085735
2018-08-23,1.9384146528947948
2018-08-24,1.9303332003927547
2018-08-25,-1.35912139756129
2018-08-26,-1.7764230921674546
2018-08-27,3.5958122112852
2018-08-28,3.62960338820182
2018-08-29,-2.6094291924003907
2018-08-30,-1.9852685237951235
2018-08-31,-0.5730186662445609
2018-09-01,4.173823097554476
2018-09-02,-0.5139155839670047
2018-09-03,-1.922065190077203
2018-09-04,-1.407918838944376
2018-09-05,-18.872111249032585
2018-09-06,-1.0962496800492423
2018-09-07,-5.837586301311957
2018-09-08,-9.049078285380928
2018-09-09,-0.7043005842841106
2018-09-10,-0.10677131219267569
2018-09-11,-6.28100681730853
2018-09-12,-1.1229849985011626
2018-09-13,15.099992129477348
2018-09-14,0.0014037770321954912
2018-09-15,5.162838014463668
2018-09-16,-1.2994616246903996
2018-09-17,-10.482460736292108
2018-09-18,5.929493395032106
2018-09-19,-0.18834444270487818
2018-09-20,6.778408495257017
2018-09-21,9.606984099515039
2018-09-22,-2.660907046500803
2018-09-23,1.4154860412294983
2018-09-24,-6.570291145245631
2018-09-25,-4.655813547566188
2018-09-26,-1.4019315502560066
2018-09-27,5.673763094270614
2018-09-28,-2.8516389778383653
2018-09-29,3.9660110838217313
2018-09-30,0.338192933613614
2018-10-01,-1.078768628777292
2018-10-02,-1.739858616231303
2018-10-03,-3.1311507286427385
2018-10-04,0.5986866183370425
2018-10-05,2.236912760203237
2018-10-06,-1.275548015348525
2018-10-07,0.2582857064346704
2018-10-08,1.20139977858489
2018-10-09,-0.7407625984380701
2018-10-10,-1.156170829471291
2018-10-11,-16.250576436514407
2018-10-12,3.6287934065417207
2018-10-13,1.3974221182962558
2018-10-14,-2.2501261599096587
2018-10-15,6.962156207757999
2018-10-16,0.012893769308754272
2018-10-17,-1.6308470696437023
2018-10-18,-1.9871683555532245
2018-10-19,-0.001071966870423574
2018-10-20,0.6504352478987412
2018-10-21,-0.32567227401467513
2018-10-22,-0.7207163447491933
2018-10-23,-0.042378706926336634
2018-10-24,-0.4223428696884508
2018-10-25,-0.7412819592615401
2018-10-26,0.11542818755690007
2018-10-27,0.2478125547678027
2018-10-28,0.38059804931556296
2018-10-29,-4.1389124059175035
2018-10-30,-0.02882197401856537
2018-10-31,-0.27406528520656903
2018-11-01,0.5699092459206871
2018-11-02,0.7010188689328583
2018-11-03,-0.40926568714167844
2018-11-04,3.4611212091472345
2018-11-05,0.58807022769838
2018-11-06,4.291513098184431
2018-11-07,-0.7663856334413006
2018-11-08,-2.4655841619638394
2018-11-09,-1.2018255534129592
2018-11-10,0.9850584396319932
2018-11-11,-0.7468098072655234
2018-11-12,-0.6217437240348385
2018-11-13,-1.8925572976680833
2018-11-14,-12.480357322151946
2018-11-15,-0.5112878676580375
2018-11-16,-3.2987616902876313
2018-11-17,-0.85679933500261
2018-11-18,1.5765742073003313
2018-11-19,-15.937709559941569
2018-11-20,-12.8122606489657
2018-11-21,4.695635894535279
2018-11-22,-7.4970608793248
2018-11-23,-2.8767536786173373
2018-11-24,-8.135450858368385
2018-11-25,2.419056040392166
2018-11-26,-7.1541356861936505
2018-11-27,1.360651627106037
2018-11-28,11.111674598346813
2018-11-29,-4.183713088422812
2018-11-30,-3.904328116559351
2018-12-01,4.64271827690861
2018-12-02,-2.079229092015665
2018-12-03,-6.598362901306929
2018-12-04,0.9980570389486647
2018-12-05,-7.206929561554052
2018-12-06,-10.641145916671523
2018-12-07,1.4857160672810303
2018-12-08,-1.4019785611468867
2018-12-09,3.0506663152457993
2018-12-10,-3.8183705063226756
2018-12-11,-3.174333613656376
2018-12-12,1.667337160629591
2018-12-13,-4.660409984245582
2018-12-14,-2.763521180186189
2018-12-15,-0.02830224262557593
2018-12-16,0.7871397382661198
2018-12-17,11.392613769570172
2018-12-18,6.098960603578109
2018-12-19,-0.031078625536483245
2018-12-20,14.575559083039494
2018-12-21,-5.9683266502168575
2018-12-22,6.44786807340987
2018-12-23,11.809911284837305
2018-12-24,7.058604735957054
2018-12-25,-7.59692538636245
2018-12-26,1.3712180372252651
2018-12-27,-11.7804044429582
2018-12-28,17.889527124407437
2018-12-29,0.08428312187756123
2018-12-30,1.1484792932825243
2018-12-31,-4.826709022656537
2019-01-01,5.401422893882348
2019-01-02,9.918432153247016
2019-01-03,-3.9989364579821927
2019-01-04,3.466866995805075
2019-01-05,0.498075876139749
2019-01-06,1.1686847608183741
2019-01-07,-4.018842566884905
2019-01-08,-1.0685341625517026
2019-01-09,0.1094658801567909
2019-01-10,-14.89202934339989
2019-01-11,-1.0226878611296104
2019-01-12,-1.4256345486114859
2019-01-13,-7.384794919042157
2019-01-14,10.226109787261663
2019-01-15,-5.636848904193457
2019-01-16,1.0554571965837993
2019-01-17,-0.027764253830796087
2019-01-18,-2.393026551192444
2019-01-19,2.714073288032749
2019-01-20,-4.23642018718272
2019-01-21,-2.1247838272125494
2019-01-22,1.1714049914435491
2019-01-23,-1.2759835529654968
2019-01-24,-0.26187095068512645
2019-01-25,-1.0243690000064627
2019-01-26,-0.09062053727986033
2019-01-27,-2.8324755929787324
2019-01-28,-6.195179156564333
2019-01-29,-1.1159254888823729
2019-01-30,2.9484033665698086
2019-01-31,-1.880981050933926
2019-02-01,0.3271000289091901
2019-02-02,2.4355375093885203
2019-02-03,-2.845614056310551
2019-02-04,0.12052446004558057
2019-02-05,-0.5361366680959974
2019-02-06,-2.5348374326707543
2019-02-07,-0.5514648978374599
2019-02-08,13.907791146826899
2019-02-09,-0.04869713701960279
2019-02-10,4.315534289748714
2019-02-11,-2.996308522142642
2019-02-12,0.8647348447307539
2019-02-13,-0.20072482806166983
2019-02-14,-1.1347791235672295
2019-02-15,0.3995595056127026
2019-02-16,0.7644159566110769
2019-02-17,8.20218959318473
2019-02-18,9.17050790827565
2019-02-19,-0.7003275193115372
2019-02-20,2.709775297677354
2019-02-21,-2.474610759248351
2019-02-22,1.8412016768113453
2019-02-23,6.322542595673421
2019-02-24,-14.633482029651011
2019-02-25,2.7369492235187933
2019-02-26,-1.4250388037362434
2019-02-27,-1.6075387673138748
2019-02-28,0.270188639325754
2019-03-01,-0.4067872007092672
2019-03-02,-1.8247399089632672
2019-03-03,-1.6440754095980321
2019-03-04,-3.5694628443013174
2019-03-05,7.678602030617256
2019-03-06,0.5161208051338366
2019-03-07,-0.7293646957194351
2019-03-08,-2.2917843418994375
2019-03-09,1.9149540735619934
2019-03-10,-1.0600848766507782
2019-03-11,-2.3240307508531997
2019-03-12,0.26945250922807573
2019-03-13,-1.063035741036798
2019-03-14,0.15108371602534795
2019-03-15,2.7912195484436366
2019-03-16,3.2325805252459774
2019-03-17,-1.8692308835319233
2019-03-18,-0.6325838259716872
2019-03-19,0.6357532080156119
2019-03-20,-0.06652240170414839
2019-03-21,-3.0644334904445723
2019-03-22,0.21366639168325527
2019-03-23,0.5860705494143541
2019-03-24,-1.0918369780226518
2019-03-25,-1.613283313683654
2019-03-26,0.13247274862142763
2019-03-27,3.8952709287447553
2019-03-28,-1.3002456513011669
2019-03-29,2.0244067092326525
2019-03-30,-0.4695140374344915
2019-03-31,-0.5926681464005419
2019-04-01,0.03797572627326648
2019-04-02,15.418674179522654
2019-04-03,-1.7120232785453033
2019-04-04,-2.2951620181751218
2019-04-05,4.535930351274533
2019-04-06,0.07573868030510564
2019-04-07,4.987514667110872
2019-04-08,3.095971103865504
2019-04-09,-2.4845317847395063
2019-04-10,0.5088964561787106
2019-04-11,-6.862272988903593
2019-04-12,-0.6451248199605504
2019-04-13,-0.3208349437704967
2019-04-14,1.8357314633188586
2019-04-15,-3.917844609224362
2019-04-16,3.558477637993375
2019-04-17,-0.5867877273325923
2019-04-18,3.925470970297186
2019-04-19,-0.24623057183323763
2019-04-20,-0.16082418643417043
2019-04-21,-2.317691580524438
2019-04-22,0.8896011416189802
2019-04-23,-0.4338393469677888
2019-04-24,-3.464440871140938
2019-04-25,-7.040071415429415
2019-04-26,1.036649185382556
2019-04-27,1.1499096464882468
2019-04-28,-0.9049324678327293
2019-04-29,-1.5161514188084408
2019-04-30,4.301597009990423
2019-05-01,-1.0165349425901289
2019-05-02,0.6256471983764349
2019-05-03,3.410324393301646
2019-05-04,-2.5229452362911617
2019-05-05,-0.5365718937251558
2019-05-06,5.44466575620597
2019-05-07,-1.8388262334430234
2019-05-08,0.49150029519629146
2019-05-09,-0.570895899398925
2019-05-10,1.4901608476308075
2019-05-11,12.03656734685943
2019-05-12,-3.777279206364047
2019-05-13,4.897102186050663
2019-05-14,10.1282983857665
2019-05-15,13.632010336365742
2019-05-16,6.63496789170326
2019-05-17,-7.853911100123465
2019-05-18,-3.947043759097023
2019-05-19,11.194535158306575
2019-05-20,-3.793623870814776
2019-05-21,1.1451834955873001
2019-05-22,-4.306293696979022
2019-05-23,0.3321974357752182
2019-05-24,1.24533534682776
2019-05-25,0.7263520014742413
2019-05-26,5.895618369735713
2019-05-27,1.9836156230660833
2019-05-28,-0.5863910769901877
2019-05-29,-1.0365795445328436
2019-05-30,-5.23148374232346
2019-05-31,4.604114044591647
2019-06-01,-1.2008309078165398
2019-06-02,1.636077942725979
2019-06-03,-6.705072442336789
2019-06-04,-4.6465980318459925
2019-06-05,2.1814068855778648
2019-06-06,0.795419234026064
2019-06-07,0.398155596045237
2019-06-08,-2.2546851504341534
2019-06-09,-5.333806980208931
2019-06-10,6.006817944703837
2019-06-11,-0.8877661774190899
2019-06-12,5.966910055949317
2019-06-13,-2.0001372118112246
2019-06-14,2.905711294630932
2019-06-15,1.6820266400134247
2019-06-16,-0.10969193207013131
2019-06-17,1.7192205106019613
2019-06-18,-3.5750267064396644
2019-06-19,1.4670044146410948
2019-06-20,0.6545139305110153
2019-06-21,8.359125877996656
2019-06-22,4.7211065379693125
2019-06-23,-0.6872975388946585
2019-06-24,0.6581376052164039
2019-06-25,2.2955165672662328
2019-06-26,5.669696651047375
2019-06-27,-12.801705241883642
2019-06-28,5.5774580891339705
2019-06-29,2.6525821438636368
2019-06-30,-9.359703612664536
2019-07-01,0.8276491410457847
2019-07-02,-0.8817998779058074
2019-07-03,3.7595395391432764
2019-07-04,-6.314400168862919
2019-07-05,1.0356156138767962
2019-07-06,-0.3418745963056675
2019-07-07,6.127724878176035
2019-07-08,2.2845313039292505
2019-07-09,-1.580651976005641
2019-07-10,-6.297444088205382
2019-07-11,-7.529656597804989
2019-07-12,2.6327355156166035
2019-07-13,-2.653261404701178
2019-07-14,-15.728019530786872
2019-07-15,0.7803134953575668
2019-07-16,-13.497283156395943
2019-07-17,5.987708639292124
2019-07-18,6.9456127391527085
2019-07-19,-2.495068122587761
2019-07-20,3.332196784614562
2019-07-21,-1.7080288442795617
2019-07-22,-3.762455751703374
2019-07-23,-2.4062465261768016
2019-07-24,1.8442681682976152
2019-07-25,0.9993460804519809
2019-07-26,-0.1801939277819893
2019-07-27,-5.749985210939954
2019-07-28,1.6361641767741923
2019-07-29,-0.14689111983339068
2019-07-30,-0.5383282153305065
2019-07-31,3.6770713031352833
2019-08-01,-0.572257889887194
2019-08-02,-0.1564990935360984
2019-08-03,1.9344715530823746
2019-08-04,-0.10485649319649085
2019-08-05,4.999464029020563
2019-08-06,-3.684138809709324
2019-08-07,-0.02161953739971814
2019-08-08,-2.59244191917095
2019-08-09,-4.916570682741604
2019-08-10,-1.9695995562781328
2019-08-11,4.341761590966577
2019-08-12,-2.4089671289387424
2019-08-13,-1.40610165066911
2019-08-14,-10.775009405409262
2019-08-15,0.829652195297405
2019-08-16,-1.8098567213838719
2019-08-17,-0.05195868643283877
2019-08-18,4.556808059424735
2019-08-19,4.23543902140371
2019-08-20,-3.3990602758120922
2019-08-21,-5.106887389143775
2019-08-22,2.19091415463475
2019-08-23,1.5775666654993319
2019-08-24,-1.9402487571203981
2019-08-25,-2.5103200732385242
2019-08-26,0.9314977777153748
2019-08-27,-0.9332314054955255
2019-08-28,-7.452405458325682
2019-08-29,-2.7004221810410276
2019-08-30,-0.5877244340176209
2019-08-31,1.9674615663132238
2019-09-01,-0.6727332968808215
2019-09-02,3.728722856954071
2019-09-03,0.46043667919773035
2019-09-04,-2.1389365962911286
2019-09-05,-1.194474774613184
2019-09-06,-2.6312543892090132
2019-09-07,4.701921136910394
2019-09-08,1.5495492131535131
2019-09-09,-0.29910886815587134
2019-09-10,-0.9375063747212071
2019-09-11,-0.7759994974216073
2019-09-12,1.0961510226135578
2019-09-13,-0.13375772477053197
2019-09-14,3.677253627914824
2019-09-15,0.7095531085552513
2019-09-16,3.6735654346815374
2019-09-17,5.646485567720984
2019-09-18,1.1492117967556241
2019-09-19,4.491975277790685
2019-09-20,-1.6455282550477774
2019-09-21,-1.3475282364285064
2019-09-22,-2.027953014584026
2019-09-23,-4.734892471680849
2019-09-24,-16.929913695792663
2019-09-25,1.4693608246005423
2019-09-26,-2.623018451210067
2019-09-27,4.603104494408174
2019-09-28,-0.2645302639340914
2019-09-29,-2.5165489343368805
2019-09-30,5.309262124845306
2019-10-01,-1.5930272590403345
2019-10-02,1.7148675704856247
2019-10-03,-3.235203951999842
2019-10-04,0.8337347812051881
2019-10-05,-0.5434120953197936
2019-10-06,-2.052419363360468
2019-10-07,4.510715148557522
2019-10-08,0.27549186353870314
2019-10-09,6.007025799131773
2019-10-10,-1.0306171505457857
2019-10-11,-4.928253268402692
2019-10-12,-1.1402082063934433
2019-10-13,0.5049615864779937
2019-10-14,2.497892860111618
2019-10-15,-3.156605107305198
2019-10-16,-3.1581287370061593
2019-10-17,0.9592302259442202
2019-10-18,-2.6609369519093082
2019-10-19,-0.5934455120675015
2019-10-20,1.3305139327497233
2019-10-21,-0.5349216788241058
2019-10-22,-1.6833760813940264
2019-10-23,-5.930125502864157
2019-10-24,-0.3297138069271772
2019-10-25,11.749422393752763
2019-10-26,-1.1152405448606169
2019-10-27,2.264946366008115
2019-10-28,-1.042726010856086
2019-10-29,4.018857727045557
2019-10-30,-3.1540267292941224
2019-10-31,-0.5781618224027436
2019-11-01,-0.18386387174578037
2019-11-02,-0.20949290549578795
2019-11-03,-1.001409509225491
2019-11-04,1.9689248697935662
2019-11-05,1.3969670421037044
2019-11-06,1.0240393029185018
2019-11-07,-2.0734826106300828
2019-11-08,-2.188430959565245
2019-11-09,0.2581640091863473
2019-11-10,2.2187739759748317
2019-11-11,-2.2900293053456076
2019-11-12,0.5443573579878584
2019-11-13,0.5720134476111987
2019-11-14,-1.3854836940281763
2019-11-15,-3.1308927550759855
2019-11-16,1.3806391050317683
2019-11-17,0.780370868020676
2019-11-18,-2.648559406216254
2019-11-19,-1.9046087241678984
2019-11-20,-1.1757022710888727
2019-11-21,-8.287792013703896
2019-11-22,-7.118691212052484
2019-11-23,1.9105130917076678
2019-11-24,-7.083693267011236
2019-11-25,2.3642005761389986
2019-11-26,1.513453451334558
2019-11-27,2.5302469137624253
2019-11-28,-1.030510531386662
2019-11-29,2.178502189955968
2019-11-30,-1.9655143592949271
2019-12-01,-1.0730916585857215
2019-12-02,-1.5920767497130324
2019-12-03,-0.9252797687378729
2019-12-04,-1.0023969406587658
2019-12-05,1.5189751003694034
2019-12-06,-0.22203103732519727
2019-12-07,-0.47120557107820216
2019-12-08,1.4926781008809635
2019-12-09,-2.1949059889775677
2019-12-10,-1.5065320871146521
2019-12-11,-2.00341802009064
2019-12-12,1.2044149644286477
2019-12-13,-0.6382545130308321
2019-12-14,-1.6174170702681996
2019-12-15,-0.013465179716141834
2019-12-16,-6.824171792469311
2019-12-17,-8.425738332357655
2019-12-18,8.36914468286727
2019-12-19,-3.018898480108699
2019-12-20,-0.38272757788342227
2019-12-21,-0.9099973778407973
2019-12-22,3.124852313413197
2019-12-23,-3.0247586710180783
2019-12-24,0.16424603732641138
2019-12-25,-2.2071566970124454
2019-12-26,-0.2593530554429442
2019-12-27,0.4898730245754839
2019-12-28,0.685567208437267
2019-12-29,4.829431772481054
2019-12-30,-1.7620086447327028
2019-12-31,-2.464414677768155
2020-01-01,0.733536554096738
2020-01-02,-2.778578282610343
2020-01-03,5.121416554394533
2020-01-04,0.48355643617337285
2020-01-05,0.7084392107110886
2020-01-06,5.705011832683595
2020-01-07,-0.7122591377908145
2020-01-08,-1.7779255974401982
2020-01-09,-1.7987906108996572
2020-01-10,3.401079375982642
2020-01-11,-0.9055699552916503
2020-01-12,1.8762851481145775
2020-01-13,-1.3147706741494998
2020-01-14,14.880228403838803
2020-01-15,-0.01957544187414076
2020-01-16,-1.2921818288418636
2020-01-17,3.7009518645110275
2020-01-18,2.499683943594212
2020-01-19,-4.973093294901119
2020-01-20,-0.09524623833190152
2020-01-21,1.3563072571427763
2020-01-22,-1.012248126290925
2020-01-23,-3.373708720784961
2020-01-24,-0.11022151048911535
2020-01-25,-1.2693387687676567
2020-01-26,4.02644913917687
2020-01-27,1.512424185704521
2020-01-28,2.996753682741239
2020-01-29,-0.9338933762071384
2020-01-30,5.321584183887864
2020-01-31,-2.638398200219115
2020-02-01,1.7648824927994038
2020-02-02,2.5060208539676068
2020-02-03,0.47592492829324917
2020-02-04,-0.5091171196429307
2020-02-05,7.72976189333794
2020-02-06,3.78495962210932
2020-02-07,4.7062127722703035
2020-02-08,0.0032958993041025397
2020-02-09,2.248817393253312
2020-02-10,-2.397351991177131
2020-02-11,5.330061870674931
2020-02-12,12.345696066994096
2020-02-13,0.8292335278044864
2020-02-14,5.826566897394982
2020-02-15,-7.04252637855922
2020-02-16,-2.0114504742754433
2020-02-17,2.303495667471035
2020-02-18,5.664100271960694
2020-02-19,-8.052489389093296
2020-02-20,-0.8840054307305041
2020-02-21,2.7806631437771414
2020-02-22,-1.4162353263973733
2020-02-23,4.168709703054587
2020-02-24,-3.3042357048617674
2020-02-25,-6.74572120873924
2020-02-26,-9.118393783594856
2020-02-27,0.29002336621708635
2020-02-28,-0.1823454346871574
2020-02-29,-3.233625610450573
2020-03-01,-0.584808247096223
2020-03-02,5.11166014564828
2020-03-03,-2.8268286961640063
2020-03-04,-0.1683993842543459
2020-03-05,1.9302574110883224
2020-03-06,6.033048525922282
2020-03-07,-2.5146892400180185
2020-03-08,-15.810265550828104
2020-03-09,0.4609275411917151
2020-03-10,-0.7890298811606395
2020-03-11,-3.1235662243106685
2020-03-12,-42.53270272775488
2020-03-13,18.377246598111753
2020-03-14,-7.614652004383758
2020-03-15,1.3621150171249334
2020-03-16,-11.852222772332752
2020-03-17,2.8314253644331724
2020-03-18,0.6039685987475856
2020-03-19,18.754920153745026
2020-03-20,-3.008953373983102
2020-03-21,-0.12404935881862159
2020-03-22,-7.336249832911011
2020-03-23,9.21311252185475
2020-03-24,2.6681192361830655
2020-03-25,-2.034375077745941
2020-03-26,1.4046288618150287
2020-03-27,-3.3826225766017335
2020-03-28,-2.3890738203325754
2020-03-29,-4.31015329572778
2020-03-30,5.6439428665949105
2020-03-31,0.33295540918325695
2020-04-01,1.3422757657141753
2020-04-02,4.529093446395917
2020-04-03,-0.14171256488006836
2020-04-04,2.015978000844988
2020-04-05,-1.3373554997553423
2020-04-06,17.64094247534771
2020-04-07,-2.5705077621044667
2020-04-08,4.381269885700247
2020-04-09,-1.2481412763962292
2020-04-10,-7.442027326309795
2020-04-11,-0.3094780807145965
2020-04-12,1.6641461550569463
2020-04-13,-3.2032273628362793
2020-04-14,0.6571327860333447
2020-04-15,-2.919994422839288
2020-04-16,12.125084037897473
2020-04-17,-0.4868327529903722
2020-04-18,8.714278403399824
2020-04-19,-3.02049720910995
2020-04-20,-5.316002896986891
2020-04-21,0.07020286283188223
2020-04-22,5.5236820299543705
2020-04-23,1.1448024229806746
2020-04-24,2.0889052870126448
2020-04-25,3.1322463119806367
2020-04-26,0.7363037808969091
2020-04-27,-0.23252179217367733
2020-04-28,0.4182330443187847
2020-04-29,9.165023849643752
2020-04-30,-4.502325423502649
2020-05-01,3.001890994217528
2020-05-02,0.33094209143318554
2020-05-03,-2.225290598974526
2020-05-04,-1.4935449776061744
2020-05-05,-0.8578093876127608
2020-05-06,-1.5002536359405612
2020-05-07,3.849507147020216
2020-05-08,0.14527649171505327
2020-05-09,-0.8387695254240419
2020-05-10,-11.055306708077804
2020-05-11,-1.6100454292565554
2020-05-12,1.643148847361277
2020-05-13,5.033816502374179
2020-05-14,1.7000309097056536
2020-05-15,-3.795465930674856
2020-05-16,2.3982983868406484
2020-05-17,3.044367388376924
2020-05-18,3.3704224147559816
2020-05-19,-0.6860960238185261
2020-05-20,-1.7569746615773802
2020-05-21,-5.046639379667749
2020-05-22,3.4594317163746626
2020-05-23,0.5507322273712549
2020-05-24,-3.2157738793490918
2020-05-25,1.2719466229748748
2020-05-26,-1.849926464115735
2020-05-27,3.2622853797439357
2020-05-28,5.070101078779412
2020-05-29,0.1942039312248471
2020-05-30,9.634597543166759
2020-05-31,-4.877082215241844
2020-06-01,6.748603877587868
2020-06-02,-4.142174015320508
2020-06-03,2.748627933835325
2020-06-04,-0.08429730011960526
2020-06-05,-1.4964717480981478
2020-06-06,0.10857789120573155
2020-06-07,1.1520600670104757
2020-06-08,0.28059012821117935
2020-06-09,-0.753242738833469
2020-06-10,0.8489713972253303
2020-06-11,-6.5474131947243706
2020-06-12,2.313645170395985
2020-06-13,0.41059226580220254
2020-06-14,-2.1921644796284543
2020-06-15,-1.973404451373016
2020-06-16,1.7661040883147032
2020-06-17,-0.7775452345581508
2020-06-18,-0.5833337404468992
2020-06-19,-2.3237192802305837
2020-06-20,0.7549022657955111
2020-06-21,-0.3095418897141362
2020-06-22,5.728914992052194
2020-06-23,0.47791784874906695
2020-06-24,-3.6136848361892446
2020-06-25,-1.3849311052738107
2020-06-26,-1.5920152835866104
2020-06-27,-3.1063281533912344
2020-06-28,0.8852834906063494
2020-06-29,1.0782142399208066
2020-06-30,-1.0092804801000705
2020-07-01,1.934756497267866
2020-07-02,-0.9302333129527647
2020-07-03,-1.9314547574291725
2020-07-04,1.4503899706133987
2020-07-05,-0.8007910279046222
2020-07-06,5.896108514959366
2020-07-07,-1.1935927819868837
2020-07-08,2.991122545516102
2020-07-09,-1.666833893694773
2020-07-10,-1.021218691395141
2020-07-11,-0.8190517275075344
2020-07-12,0.931007219027548
2020-07-13,-1.2291756166862162
2020-07-14,0.06781233764325975
2020-07-15,-0.929810308038846
2020-07-16,-2.1914236672398766
2020-07-17,-0.5569050626210588
2020-07-18,0.9790536574273883
2020-07-19,1.0900662498381413
2020-07-20,-1.1642958362699336
2020-07-21,3.5678268102632207
2020-07-22,6.823803419457343
2020-07-23,4.58143678164802
2020-07-24,1.4623336329985042
2020-07-25,8.711355019885183
2020-07-26,1.6519562534216508
2020-07-27,3.648114134212045
2020-07-28,-1.696096832445147
2020-07-29,0.2988374565330314
2020-07-30,4.967322478858962
2020-07-31,3.0925986984276634
2020-08-01,11.287392636860474
2020-08-02,-3.9570273861874825
2020-08-03,4.029419054683638
2020-08-04,0.7413546341802595
2020-08-05,2.81934675128981
2020-08-06,-1.8360756700753529
2020-08-07,-4.097021827746404
2020-08-08,3.6284918091601406
2020-08-09,-0.9131474495583032
2020-08-10,1.0333556268432813
2020-08-11,-4.101620734715226
2020-08-12,2.6117195711107724
2020-08-13,9.460372817900044
2020-08-14,1.8334580066442745
2020-08-15,-1.109790315664015
2020-08-16,-0.08586276482909064
2020-08-17,-1.166463820895612
2020-08-18,-1.550210482177848
2020-08-19,-4.246558008096978
2020-08-20,2.2688612353451334
2020-08-21,-6.744279623786108
2020-08-22,1.5385863557097605
2020-08-23,-1.3098516330946481
2020-08-24,4.0966773249786055
2020-08-25,-6.100831332810406
2020-08-26,0.4564669744616239
2020-08-27,-1.1774171246038507
2020-08-28,3.2752886496766567
2020-08-29,0.8367650012470544
2020-08-30,6.934477207169023
2020-08-31,1.3747633108725636
2020-09-01,9.461524533342526
2020-09-02,-7.943843144537475
2020-09-03,-12.540835186282981
2020-09-04,0.48068436358834776
2020-09-05,-13.831917018920969
2020-09-06,5.213969774431317
2020-09-07,-0.3804035245789079
2020-09-08,-4.458946929336358
2020-09-09,3.815650122664406
2020-09-10,4.653993989236073
2020-09-11,1.6057860461846223
2020-09-12,3.1472290064945354
2020-09-13,-5.7676200074786115
2020-09-14,3.0146862306793323
2020-09-15,-3.4801229105759433
2020-09-16,0.08123445460226517
2020-09-17,6.1584663198106755
2020-09-18,-1.382001457745606
2020-09-19,0.12147736358712066
2020-09-20,-3.944204683760387
2020-09-21,-8.072971157523199
2020-09-22,0.6094902928893713
2020-09-23,-6.974060618063836
2020-09-24,8.608618604497666
2020-09-25,0.623913895545926
2020-09-26,0.752905220225532
2020-09-27,0.3631753439697032
2020-09-28,-0.8230967422740416
2020-09-29,1.1091377500994886
2020-09-30,-0.1353138539721395
2020-10-01,-2.055794097894946
2020-10-02,-2.157979439602452
2020-10-03,-0.1036959433273961
2020-10-04,1.5624347796547438
2020-10-05,0.2052899010206681
2020-10-06,-3.898061626606607
2020-10-07,0.10581910733194075
2020-10-08,2.4351337770557993
2020-10-09,4.040793445742465
2020-10-10,1.2853189741726572
2020-10-11,0.9398108393105191
2020-10-12,3.1703682265218815
2020-10-13,-1.8723446814550055
2020-10-14,-0.6332166824194891
2020-10-15,-0.7236345440273169
2020-10-16,-3.156224988980648
2020-10-17,0.531808351250797
2020-10-18,2.351486939949156
2020-10-19,0.26979677230976207
2020-10-20,-3.02772764049548
2020-10-21,6.0596462098889265
2020-10-22,5.317721103123609
2020-10-23,-1.1537142832950582
2020-10-24,0.4712138799113601
2020-10-25,-1.6983246380718449
2020-10-26,-3.2206679479438436
2020-10-27,2.3809148415854477
2020-10-28,-3.9840939866475065
2020-10-29,-0.6796664050588415
2020-10-30,-1.1965548010224742
2020-10-31,0.799408621305832
2020-11-01,2.341186368329963
2020-11-02,-3.5161672528071883
2020-11-03,0.9747318112412822
2020-11-04,3.5657426619257984
2020-11-05,2.7799772210058262
2020-11-06,9.632232400829068
2020-11-07,-4.365238879821085
2020-11-08,3.9093331609563866
2020-11-09,-2.256173506610669
2020-11-10,1.0565335736679964
2020-11-11,2.7679356870783614
2020-11-12,-0.6078198978905254
2020-11-13,2.7691822500078858
2020-11-14,-3.2355838211466246
2020-11-15,-2.9217115394377977
2020-11-16,2.5809078206836547
2020-11-17,4.254175134016915
2020-11-18,-0.3678459347556602
2020-11-19,-1.8234163242440744
2020-11-20,7.895875059297165
2020-11-21,7.6109854258774385
2020-11-22,1.3762458867585108
2020-11-23,8.843152325000748
2020-11-24,-0.9343092939286131
2020-11-25,-5.684942010464898
2020-11-26,-9.277247901000294
2020-11-27,-0.43749190053167086
2020-11-28,3.8215401656793504
2020-11-29,6.787053417184532
2020-11-30,6.602868844924871
2020-12-01,-4.661159224020437
2020-12-02,1.6922208714155411
2020-12-03,2.8823405810713534
2020-12-04,-7.864074110790529
2020-12-05,4.599110226297511
2020-12-06,0.7051620566648891
2020-12-07,-1.8577627618455146
2020-12-08,-6.439775221620323
2020-12-09,3.1761687076494085
2020-12-10,-2.5919503943642606
2020-12-11,-2.665684425615132
2020-12-12,3.9863891106754825
2020-12-13,3.5248772865529756
2020-12-14,-0.8048243933578154
2020-12-15,0.38522823270919093
2020-12-16,7.7598464207762525
2020-12-17,0.8656543625473538
2020-12-18,1.672283531493292
2020-12-19,0.4995951032613426
2020-12-20,-3.371761649025583
2020-12-21,-4.646294417710838
2020-12-22,3.920058621613044
2020-12-23,-8.240809312365393
2020-12-24,4.592980359650635
2020-12-25,2.234949427522982
2020-12-26,1.3191401910876548
2020-12-27,7.175934596608326
2020-12-28,6.810130129536486
2020-12-29,-0.03175634115828288
2020-12-30,2.5620597517837864
2020-12-31,-2.0235870765307404
2021-01-01,-1.1933177664289791
2021-01-02,5.861805368657593
2021-01-03,25.762051677107035
2021-01-04,6.449560411926971
2021-01-05,5.56064190775938
2021-01-06,9.551380993052351
2021-01-07,1.35256285937775
2021-01-08,-0.3063088297112533
2021-01-09,4.4608395734099044
2021-01-10,-1.655382168500273
2021-01-11,-13.820004355304414
2021-01-12,-4.470305657501893
2021-01-13,8.181579984528287
2021-01-14,7.571710589825844
2021-01-15,-4.011513788216302
2021-01-16,5.08002320441119
2021-01-17,-0.4583028166409415
2021-01-18,2.018055681113419
2021-01-19,9.360236575667425
2021-01-20,0.17596244906839129
2021-01-21,-19.04593266174851
2021-01-22,10.062759115191257
2021-01-23,-0.6320281233752596
2021-01-24,12.862447319414663
2021-01-25,-5.014033102170554
2021-01-26,2.279253401635907
2021-01-27,-7.839609796906964
2021-01-28,6.142787802283391
2021-01-29,3.5691853778212503
2021-01-30,-0.6489346324162855
2021-01-31,-4.627642797253404
2021-02-01,3.9251566316985467
2021-02-02,10.490111995961373
2021-02-03,9.43149495991227
2021-02-04,-4.168049172272502
2021-02-05,7.582958766760052
2021-02-06,-2.5596735809390356
2021-02-07,-3.9771873042787718
2021-02-08,8.01590391152154
2021-02-09,1.040787294531788
2021-02-10,-1.5311347996722386
2021-02-11,2.0822392428109917
2021-02-12,3.1632510504792113
2021-02-13,-1.781478512931865
2021-02-14,-0.6830121462644152
2021-02-15,-1.5866952408019703
2021-02-16,-0.1137599622299297
2021-02-17,3.598246579720722
2021-02-18,4.628853424450876
2021-02-19,0.9869663016882873
2021-02-20,-2.258303782789871
2021-02-21,0.6515456471576824
2021-02-22,-8.121422006805021
2021-02-23,-12.070429741323817
2021-02-24,3.4046067030391494
2021-02-25,-9.460914908982819
2021-02-26,-2.196050405477544
2021-02-27,0.7784971847794491
2021-02-28,-3.194043063784312
2021-03-01,10.31265097977099
2021-03-02,-4.793299044915043
2021-03-03,5.391625527825285
2021-03-04,-2.339161812331135
2021-03-05,-0.7457771355432004
2021-03-06,7.736551693158568
2021-03-07,3.948833871095704
2021-03-08,6.2895122130623555
2021-03-09,1.6306421395856823
2021-03-10,-3.872888535884621
2021-03-11,1.3168082773032734
2021-03-12,-3.147516033546359
2021-03-13,8.424800307577753
2021-03-14,-3.8287308473705415
2021-03-15,-3.575067673364106
2021-03-16,0.666754708957497
2021-03-17,0.7264056328663242
2021-03-18,-2.4117146637683593
2021-03-19,1.7647076743305028
2021-03-20,-0.4599880666023777
2021-03-21,-1.5325592644122683
2021-03-22,-5.603339073815393
2021-03-23,-0.9354122641325497
2021-03-24,-5.2631738665131245
2021-03-25,-0.06336601493266272
2021-03-26,6.551734063087069
2021-03-27,0.6162717810845002
2021-03-28,-1.6500166855067706
2021-03-29,7.401861836943515
2021-03-30,1.2625031855029405
2021-03-31,3.7325604004469395
2021-04-01,2.885617574067735
2021-04-02,8.207310571912508
2021-04-03,-5.542038282833271
2021-04-04,3.0042051983251397
2021-04-05,0.519895616409906
2021-04-06,0.3122540615041929
2021-04-07,-7.13898874441362
2021-04-08,5.775546329859373
2021-04-09,-0.9738108057190649
2021-04-10,2.8951122508555263
2021-04-11,0.8311588120444762
2021-04-12,-1.0337954795321276
2021-04-13,7.285677184658736
2021-04-14,5.726051480982443
2021-04-15,3.264523199053594
2021-04-16,-3.6458090296325283
2021-04-17,-3.764980749122547
2021-04-18,-4.780913285775188
2021-04-19,-3.35686698288825
2021-04-20,7.3864451920181
2021-04-21,1.2968210874463775
2021-04-22,1.4545829826883698
2021-04-23,-1.8475736394128457
2021-04-24,-6.614713688980099
2021-04-25,4.536558111545121
2021-04-26,9.245283038266397
2021-04-27,4.879994075400364
2021-04-28,2.950798091822994
2021-04-29,0.1967246116946668
2021-04-30,0.40685849018822373
2021-05-01,6.04145344056304
2021-05-02,0.023736467102143805
2021-05-03,16.04151458639971
2021-05-04,-5.357510693226895
2021-05-05,8.086936273664326
2021-05-06,-1.0910956642490517
2021-05-07,-0.36169375139235416
2021-05-08,11.807379608596214
2021-05-09,0.48578151768348277
2021-05-10,0.41136642132349066
2021-05-11,5.2900028375801895
2021-05-12,-9.369457836400084
2021-05-13,-2.052967318288833
2021-05-14,9.609791838167393
2021-05-15,-10.995216512765648
2021-05-16,-1.5767475756484612
2021-05-17,-8.69023051260237
2021-05-18,2.7901594751048377
2021-05-19,-27.38583067968182
2021-05-20,12.965968562331543
2021-05-21,-12.887905198201164
2021-05-22,-5.736151347562511
2021-05-23,-8.293042403816507
2021-05-24,25.128148582973566
2021-05-25,2.1990721824531447
2021-05-26,6.541330226114652
2021-05-27,-5.454642891283488
2021-05-28,-11.754405175469183
2021-05-29,-5.987032039222049
2021-05-30,4.674820186950381
2021-05-31,13.396042247983189
2021-06-01,-3.184694601243153
2021-06-02,2.57154112702951
2021-06-03,5.320600860269266
2021-06-04,-6.03220639144849
2021-06-05,-2.3288586066386494
2021-06-06,3.0273451332455195
2021-06-07,-4.783099106867937
2021-06-08,-2.9969508981295565
2021-06-09,3.422486168628726
2021-06-10,-5.428369756846639
2021-06-11,-4.949748786816198
2021-06-12,0.6096510454011399
2021-06-13,5.542995940365094
2021-06-14,0.9905516863162116
2021-06-15,2.692721585352255
2021-06-16,-9.50294909164354
2021-06-17,-0.002246661334546901
2021-06-18,-6.099000795754016
2021-06-19,-2.5708081442565853
2021-06-20,2.929758991745125
2021-06-21,-16.118647579695732
2021-06-22,-0.9002184449164325
2021-06-23,5.936615348053633
2021-06-24,-0.2498128665430739
2021-06-25,-8.998298208710295
2021-06-26,0.6981399553269501
2021-06-27,7.995810215328937
2021-06-28,4.906392487045321
2021-06-29,3.7147206210883312
2021-06-30,5.080205776710291
2021-07-01,-7.26126803195891
2021-07-02,1.5383416075971617
2021-07-03,3.3527768438488716
2021-07-04,4.109440390625598
2021-07-05,-5.489367303172086
2021-07-06,5.549892448005724
2021-07-07,-0.5948959089491985
2021-07-08,-8.614071115168073
2021-07-09,1.072334019353806
2021-07-10,-1.8293506236199393
2021-07-11,1.1530231781174975
2021-07-12,-4.996689346562265
2021-07-13,-4.9302195781724105
2021-07-14,2.610651012739941
2021-07-15,-4.355081353344179
2021-07-16,-1.7966740621120232
2021-07-17,0.7952902816282819
2021-07-18,-0.3578547540890693
2021-07-19,-4.313855901823114
2021-07-20,-1.8245031021592457
2021-07-21,11.196832600381248
2021-07-22,1.5338776131458525
2021-07-23,4.731253721575325
2021-07-24,2.847408798936192
2021-07-25,-0.08704298182493478
2021-07-26,1.7308015879861764
2021-07-27,2.7234363325632684
2021-07-28,-0.26328050006304404
2021-07-29,3.490099310856222
2021-07-30,3.4267068770925904
2021-07-31,2.6215563520126675
2021-08-01,0.8255584479207394
2021-08-02,1.6999230690071492
2021-08-03,-4.315649023050959
2021-08-04,8.696981157623298
2021-08-05,3.584181632206486
2021-08-06,2.064444238838471
2021-08-07,9.02595055957616
2021-08-08,-4.73078537124557
2021-08-09,4.928560102063708
2021-08-10,-1.0114353904558044
2021-08-11,0.5324109145333782
2021-08-12,-4.0041111748709595
2021-08-13,8.975196029253965
2021-08-14,-1.8942318234458562
2021-08-15,1.1944474656315556
2021-08-16,-4.837178463568524
2021-08-17,-4.673463106157447
2021-08-18,-0.01154546023158634
2021-08-19,5.198871955507147
2021-08-20,3.089508021347044
2021-08-21,-2.036789936190374
2021-08-22,0.3114523021409148
2021-08-23,2.1938863515027287
2021-08-24,-4.608188243312403
2021-08-25,1.4680950025409494
2021-08-26,-4.048833716987208
2021-08-27,5.30669670241153
2021-08-28,-0.9864811743034425
2021-08-29,-0.7218089951045432
2021-08-30,-0.2669320149050842
2021-08-31,6.307511829024428
2021-09-01,11.49555212007576
2021-09-02,-1.3286390086936868
2021-09-03,3.7613705162244506
2021-09-04,-1.525028017328976
2021-09-05,1.4685314581530455
2021-09-06,-0.786527510535538
2021-09-07,-12.963908624154172
2021-09-08,1.8843592898740062
2021-09-09,-2.1863045781704824
2021-09-10,-6.48290792514393
2021-09-11,1.6445704133062804
2021-09-12,4.091110576364955
2021-09-13,-3.8399647424894865
2021-09-14,4.186987055473092
2021-09-15,5.241868638530735
2021-09-16,-1.4021991912737215
2021-09-17,-5.022833183678008
2021-09-18,0.7996330462713102
2021-09-19,-3.1741107865172355
2021-09-20,-11.31208813726685
2021-09-21,-6.7607664699242385
2021-09-22,11.152719991434214
2021-09-23,2.337556234245587
2021-09-24,-7.279533304914108
2021-09-25,-0.3936737709123268
2021-09-26,4.487109349814002
2021-09-27,-4.369523104315063
2021-09-28,-4.508462852184468
2021-09-29,1.4476443283123934
2021-09-30,5.020553919233508
2021-10-01,10.003388459455921
2021-10-02,2.359577318454599
2021-10-03,0.6006835271568993
2021-10-04,-1.3050106989965766
2021-10-05,3.9099564257176547
2021-10-06,1.5778590771422312
2021-10-07,0.0215488566262427
2021-10-08,-0.8603905681426867
2021-10-09,0.15004980461326298
2021-10-10,-4.376641306312055
2021-10-11,3.302736949629638
2021-10-12,-1.6742116307293593
2021-10-13,3.067948518085585
2021-10-14,4.800720756873324
2021-10-15,1.8382989514398778
2021-10-16,-1.0204731139797125
2021-10-17,0.2510916892642727
2021-10-18,-2.741799617758721
2021-10-19,3.252738742824014
2021-10-20,6.992609733503998
2021-10-21,-2.631814869621428
2021-10-22,-2.260818482705261
2021-10-23,4.889391761020036
2021-10-24,-2.193325292946745
2021-10-25,2.9939942420026635
2021-10-26,-2.242793585891477
2021-10-27,-5.047252385363697
2021-10-28,8.899458831339427
2021-10-29,2.7867197541402224
2021-10-30,-2.2036308833002103
2021-10-31,-1.0541638530944015
2021-11-01,0.6669464827292486
2021-11-02,5.830572325975638
2021-11-03,0.3029811624079686
2021-11-04,-1.7020145627001588
2021-11-05,-1.3112781468105779
2021-11-06,0.6022132367594428
2021-11-07,2.0034352164301175
2021-11-08,3.959750810256969
2021-11-09,-1.7860040345539547
2021-11-10,-2.2740365597927013
2021-11-11,1.84658126383548
2021-11-12,-1.5229845023522188
2021-11-13,-0.5209087025416321
2021-11-14,-0.7251303205163746
2021-11-15,-1.6738003089241766
2021-11-16,-7.67068980846358
2021-11-17,1.5038533104613465
2021-11-18,-6.877880025608161
2021-11-19,7.254702115902269
2021-11-20,2.411460302008074
2021-11-21,-3.3646293567121885
2021-11-22,-4.431066414946947
2021-11-23,5.985694344267125
2021-11-24,-2.5072438411409035
2021-11-25,0.6343741826236886
2021-11-26,-5.889548598378378
2021-11-27,1.4519453051810476
2021-11-28,4.636235646090438
2021-11-29,3.3225637824677148
2021-11-30,4.007311129538273
2021-12-01,-1.146054968911024
2021-12-02,-1.835539021774922
2021-12-03,-6.626995830851932
2021-12-04,-2.5812570173604152
2021-12-05,1.725762361540785
2021-12-06,3.635438666383696
2021-12-07,-1.1875095609559667
2021-12-08,2.6950428284146857
2021-12-09,-7.383413906199541
2021-12-10,-5.314832389463874
2021-12-11,4.316411399257937
2021-12-12,1.0386909793971293
2021-12-13,-8.656403722354632
2021-12-14,-1.2104297905218482
2021-12-15,7.101999270509364
2021-12-16,-1.5770575851772202
2021-12-17,-2.2797093581513925
2021-12-18,1.9120523580434605
2021-12-19,-1.1516244002435545
2021-12-20,0.1013686471571755
2021-12-21,2.0112381993750996
2021-12-22,-1.1346835602714085
2021-12-23,2.976569614632442
2021-12-24,-1.6468368249480376
2021-12-25,0.9335475651916629
2021-12-26,-0.819517401740187
2021-12-27,-0.9176699785643712
2021-12-28,-6.046824930102888
2021-12-29,-4.720239939268243
2021-12-30,2.165891652369646
2021-12-31,-1.0260973627901555
2022-01-01,2.1787025543135177
2022-01-02,1.4026548551275402
2022-01-03,-1.9659594983904445
2022-01-04,0.6832495306899904
2022-01-05,-6.607886113387449
2022-01-06,-3.9027876052657327
2022-01-07,-6.77327711728025
2022-01-08,-3.3558890567088704
2022-01-09,1.9419246336024336
2022-01-10,-2.5496180631017538
2022-01-11,4.842373086742182
2022-01-12,3.9572644558944394
2022-01-13,-3.861644696732912
2022-01-14,1.714377362009391
2022-01-15,0.4347389124551364
2022-01-16,0.4267668967695497
2022-01-17,-4.322162108217651
2022-01-18,-1.6884452146288516
2022-01-19,-2.3409388076008106
2022-01-20,-3.244626471448951
2022-01-21,-14.952916728451335
2022-01-22,-6.15712201529762
2022-01-23,5.213609364442286
2022-01-24,-3.920601915188214
2022-01-25,0.4530643976998998
2022-01-26,0.30700793432831985
2022-01-27,-2.0099747955841782
2022-01-28,4.93588719795093
2022-01-29,1.7772540834239086
2022-01-30,0.06024949465330984
2022-01-31,3.072185165797238
2022-02-01,3.677153021389669
2022-02-02,-4.098754819993809
2022-02-03,-0.32307377568165774
2022-02-04,11.177185440655382
2022-02-05,0.8555904472471025
2022-02-06,1.2351780686575624
2022-02-07,2.5944138812139985
2022-02-08,-0.8175336321821087
2022-02-09,3.5565306912170427
2022-02-10,-5.185543061494744
2022-02-11,-5.0628005820815485
2022-02-12,-0.5277921280981686
2022-02-13,-1.3474695535374266
2022-02-14,1.5490864579362345
2022-02-15,8.214040023740534
2022-02-16,-1.8222463295333597
2022-02-17,-8.061489177793256
2022-02-18,-3.508576695228226
2022-02-19,-0.9761676048492747
2022-02-20,-5.072143241309866
2022-02-21,-2.27143062748104
2022-02-22,2.3587235358798933
2022-02-23,-2.039749816293622
2022-02-24,0.1120650501931457
2022-02-25,6.221916890631298
2022-02-26,0.41411932173745103
2022-02-27,-5.913767973335736
2022-02-28,11.157840679264288
2022-03-01,1.6398103981556627
2022-03-02,-0.9379391692448154
2022-03-03,-4.105643034305194
2022-03-04,-7.85227842025291
2022-03-05,1.6361544643116248
2022-03-06,-4.305581145669766
2022-03-07,-2.426783652912122
2022-03-08,2.9763902927559607
2022-03-09,5.7536293873761375
2022-03-10,-4.644987506562724
2022-03-11,-2.0445568947510915
2022-03-12,0.40802482349631286
2022-03-13,-2.3530501662356693
2022-03-14,2.662992078763128
2022-03-15,0.9514183494779631
2022-03-16,5.612126724692514
2022-03-17,1.3584570025542602
2022-03-18,4.450229952906383
2022-03-19,-0.15444710126051156
2022-03-20,-3.0975778389159645
2022-03-21,1.1261030317793146
2022-03-22,2.4078641078264087
2022-03-23,1.763172636041001
2022-03-24,2.354709024468572
2022-03-25,-0.23022377386440043
2022-03-26,0.9896532727019307
2022-03-27,4.535811535737901
2022-03-28,1.1833725133995514
2022-03-29,1.7731771121242372
2022-03-30,-0.6801871523286469
2022-03-31,-3.2433928273862254
2022-04-01,4.931145772292968
2022-04-02,-0.3157277292881939
2022-04-03,2.072075503862593
2022-04-04,-0.23068025236603187
2022-04-05,-3.2937241777377655
2022-04-06,-7.222854939553234
2022-04-07,1.756156378258124
2022-04-08,-1.4597523327902302
2022-04-09,2.002509545765131
2022-04-10,-1.7198344591879173
2022-04-11,-7.371790699807388
2022-04-12,1.469109622841837
2022-04-13,2.717384914663247
2022-04-14,-3.3421184689869197
2022-04-15,0.5101382787197533
2022-04-16,0.5180500183428431
2022-04-17,-2.4356445578123873
2022-04-18,1.959347291210302
2022-04-19,1.3353080535668986
2022-04-20,-1.0346981359013447
2022-04-21,-3.1183139630631116
2022-04-22,-0.9434784416078574
2022-04-23,-1.0867682965913656
2022-04-24,-0.7089921808492423
2022-04-25,2.7795825519451713
2022-04-26,-6.867731728856029
2022-04-27,2.6857004247638607
2022-04-28,1.4764224756767212
2022-04-29,-4.316960741185503
2022-04-30,-3.2191147422046305
2022-05-01,3.3882425976115917
2022-05-02,0.8632052504286907
2022-05-03,-2.772931844329095
2022-05-04,5.460999578585681
2022-05-05,-6.695333871217122
2022-05-06,-2.158169292781341
2022-05-07,-2.370533638040194
2022-05-08,-4.685817777506772
2022-05-09,-10.99119596047495
2022-05-10,4.182526115369447
2022-05-11,-11.766495617988047
2022-05-12,-5.513730091867484
2022-05-13,2.5018120786102673
2022-05-14,1.8923252537217399
2022-05-15,4.163786615073086
2022-05-16,-5.9169649721539574
2022-05-17,3.1606580139526455
2022-05-18,-8.497397103923163
2022-05-19,5.119594187915057
2022-05-20,-3.010605656067321
2022-05-21,0.4876707902613091
2022-05-22,3.291410043232902
2022-05-23,-3.659899714275304
2022-05-24,0.1593603250637414
2022-05-25,-1.9113632373926033
2022-05-26,-7.431086499207938
2022-05-27,-4.564321265390324
2022-05-28,1.72874469080513
2022-05-29,2.8913688497419723
2022-05-30,9.991512272638216
2022-05-31,-2.895968251425772
2022-06-01,-6.2997249336159555
2022-06-02,0.3947641139706153
2022-06-03,-3.4061493049798317
2022-06-04,1.309150219803869
2022-06-05,0.01408801102536092
2022-06-06,2.8105617417122155
2022-06-07,-2.6187402467072505
2022-06-08,-1.3142314599625877
2022-06-09,-0.39435022704757805
2022-06-10,-7.157321542145709
2022-06-11,-8.31613291957719
2022-06-12,-5.706100801057177
2022-06-13,-16.83584335575595
2022-06-14,0.40228060318374825
2022-06-15,1.592536380599398
2022-06-16,-13.603811333047586
2022-06-17,1.5741922199921115
2022-06-18,-8.734110672559545
2022-06-19,13.302315997262085
2022-06-20,-0.18672615272829887
2022-06-21,-0.43537173781747884
2022-06-22,-6.7111841091402535
2022-06-23,8.561230779267628
2022-06-24,7.11371212888199
2022-06-25,1.1677603085463522
2022-06-26,-3.6930885752911355
2022-06-27,-0.6981365920208578
2022-06-28,-4.298929851180331
2022-06-29,-4.172568834409561
2022-06-30,-3.065066020021333
2022-07-01,-0.891140628157326
2022-07-02,0.45102480657120014
2022-07-03,0.49469344077606325
2022-07-04,7.012739261874847
2022-07-05,-1.6205132833289155
2022-07-06,4.436033753419368
2022-07-07,4.079092755779025
2022-07-08,-1.404553568499099
2022-07-09,-0.6376633443084907
2022-07-10,-4.1770611693895825
2022-07-11,-6.276284148432142
2022-07-12,-5.566720219260233
2022-07-13,7.076714285357745
2022-07-14,6.813439867324457
2022-07-15,3.3060830605169635
2022-07-16,9.505094490716505
2022-07-17,-1.2198187547319368
2022-07-18,17.74935685324477
2022-07-19,-2.449513100129007
2022-07-20,-1.6614956430974865
2022-07-21,3.5343452535559385
2022-07-22,-2.680764125030842
2022-07-23,0.5880515941051783
2022-07-24,3.0533543835772794
2022-07-25,-9.819461126328498
2022-07-26,-0.43293533587234045
2022-07-27,13.299398150702824
2022-07-28,5.26823418316076
2022-07-29,-0.07311507447549229
2022-07-30,-2.0054055952857905
2022-07-31,-1.0376279895867742
2022-08-01,-2.940227363910662
2022-08-02,-0.32310185871447916
2022-08-03,-1.04717097686806
2022-08-04,-0.8445009143645639
2022-08-05,7.528010836091205
2022-08-06,-2.529048813726041
2022-08-07,0.2692648301200433
2022-08-08,4.296541040115189
2022-08-09,-4.2682991160951405
2022-08-10,8.547076934582812
2022-08-11,1.406610646316288
2022-08-12,3.8556288857002365
2022-08-13,1.0453339865850635
2022-08-14,-2.433183498950785
2022-08-15,-1.8673182548962315
2022-08-16,-1.5555242967069878
2022-08-17,-2.588911508615842
2022-08-18,0.5787403147124797
2022-08-19,-12.85573128678301
2022-08-20,-2.4163432415509987
2022-08-21,2.497783417774181
2022-08-22,0.011323055156921419
2022-08-23,2.296114588381594
2022-08-24,-0.5289258586197982
2022-08-25,2.1920938447476126
2022-08-26,-11.307141927035955
2022-08-27,-1.272363072069725
2022-08-28,-4.265396741133663
2022-08-29,8.376974855972643
2022-08-30,-2.0655703834365644
2022-08-31,1.77312932154481
2022-09-01,1.9057935208137715
2022-09-02,-0.7501282215102474
2022-09-03,-1.4755848877604267
2022-09-04,1.1485341105603746
2022-09-05,2.3208944528720035
2022-09-06,-3.613336031099633
2022-09-07,4.1787192077020325
2022-09-08,0.14835902879244564
2022-09-09,4.9350075002011735
2022-09-10,3.1371160033561343
2022-09-11,-0.996406621797495
2022-09-12,-2.9119421949046917
2022-09-13,-7.944845868547488
2022-09-14,3.228451677893164
2022-09-15,-10.160157770590038
2022-09-16,-2.8521865264218613
2022-09-17,2.4180304684759304
2022-09-18,-9.33080235716127
2022-09-19,2.9757080072131195
2022-09-20,-4.044036725336085
2022-09-21,-5.6053722277399896
2022-09-22,5.807806373888471
2022-09-23,-0.14184532410135134
2022-09-24,-0.958390109378003
2022-09-25,-1.989472944966751
2022-09-26,2.9904467315140306
2022-09-27,-0.5743396741015412
2022-09-28,0.3620754273313558
2022-09-29,-0.31697001709713857
2022-09-30,-0.7600099630321695
2022-10-01,-1.4154881354616495
2022-10-02,-2.8958883721557624
2022-10-03,3.5247251532599235
2022-10-04,2.737764298577573
2022-10-05,-0.8674611019406016
2022-10-06,-0.2688383420655234
2022-10-07,-1.6053503446170276
2022-10-08,-1.462499109417868
2022-10-09,0.3545230802890946
2022-10-10,-2.5494991921387475
2022-10-11,-1.0963168539621189
2022-10-12,1.0126259439449574
2022-10-13,-0.7092620430195746
2022-10-14,0.5363606165353489
2022-10-15,-1.9235751878217562
2022-10-16,2.27946690892782
2022-10-17,1.7602477233644735
2022-10-18,-1.7824163087400298
2022-10-19,-2.070544785371585
2022-10-20,-0.3832915918350095
2022-10-21,1.1194962384511802
2022-10-22,0.9186244976072249
2022-10-23,3.55398897081889
2022-10-24,-1.538558135814559
2022-10-25,8.488644921894007
2022-10-26,6.991348998330095
2022-10-27,-3.517083684096399
2022-10-28,2.5287097838097474
2022-10-29,3.943190757691496
2022-10-30,-1.9707000162534334
2022-10-31,-1.321327192581044
2022-11-01,0.25898036134348756
2022-11-02,-3.9832038390286693
2022-11-03,0.59295291940258
2022-11-04,7.228723142152018
2022-11-05,-1.2264778636085312
2022-11-06,-3.6089684419026145
2022-11-07,-0.4172171808767484
2022-11-08,-15.215255813236293
2022-11-09,-17.641930992367158
2022-11-10,17.929431530097187
2022-11-11,-1.1276793244263323
2022-11-12,-2.667786714900032
2022-11-13,-2.8501782359010672
2022-11-14,1.43382820289424
2022-11-15,0.63055637785341
2022-11-16,-3.072165119444213
2022-11-17,-1.4024863967145402
2022-11-18,0.7715154877750778
2022-11-19,0.31987742459665003
2022-11-20,-6.419756939744579
2022-11-21,-3.171445598512733
2022-11-22,2.2343645726321095
2022-11-23,4.0452486354956925
2022-11-24,1.5710752475395233
2022-11-25,-0.6055245960010709
2022-11-26,0.3960430735402658
2022-11-27,-1.078674264467104
2022-11-28,-2.280720719566852
2022-11-29,3.8155115029534517
2022-11-30,6.28894333294079
2022-12-01,-1.6838870423726322
2022-12-02,1.2271793412780079
2022-12-03,-4.123391650087347
2022-12-04,2.7840931253459114
2022-12-05,-1.7929585538294475
2022-12-06,0.7653222438322798
2022-12-07,-3.2693637097698667
2022-12-08,3.7643200871251072
2022-12-09,-1.4992997296130224
2022-12-10,-0.019429653606105185
2022-12-11,-0.38412754128025317
2022-12-12,0.6651205227513184
2022-12-13,3.4179622067352713
2022-12-14,-1.0351625187526399
2022-12-15,-3.467686285181569
2022-12-16,-7.931695320704078
2022-12-17,1.5170632861828197
2022-12-18,-0.47452957392690576
2022-12-19,-1.6293174296575381
2022-12-20,4.104800241261343
2022-12-21,-0.5224793341232699
2022-12-22,0.19208576229878968
2022-12-23,-0.023166049082921775
2022-12-24,-0.1044151556175861
2022-12-25,-0.3645359254150755
2022-12-26,0.47182625525093047
2022-12-27,-1.3413928821068162
2022-12-28,-2.0658984341932904
2022-12-29,0.7900976191684188
2022-12-30,-0.382098938608076
2022-12-31,-0.3907414818299466
